Year,SGB XII,Value
2019,Hilfe zum Lebensunterhalt,154
2019,Grundsicherung,1486
2019,Erwerbsminderungsrente,256
2020,Hilfe zum Lebensunterhalt,137
2020,Grundsicherung,1524
2020,Erwerbsminderungsrente,247
2021,Hilfe zum Lebensunterhalt,151
2021,Grundsicherung,1573
2021,Erwerbsminderungsrente,240
2022,Hilfe zum Lebensunterhalt,200
2022,Grundsicherung,1739
2022,Erwerbsminderungsrente,248
2023,Hilfe zum Lebensunterhalt,193
2023,Grundsicherung,1732
2023,Erwerbsminderungsrente,234
2024,Hilfe zum Lebensunterhalt,204
2024,Grundsicherung,1796
2024,Erwerbsminderungsrente,226
