Year,Neue Wohngebäude,Value
2019,gesamt,280
2019,Fernwärme,12
2019,Geothermie,6
2019,Umweltthermie,99
2019,Solarthermie,4
2019,Holz,28
2019,Biomasse,3
2020,gesamt,267
2020,Fernwärme,10
2020,Geothermie,3
2020,Umweltthermie,117
2020,Solarthermie,1
2020,Holz,11
2020,Biomasse,0
2021,gesamt,217
2021,Fernwärme,7
2021,Geothermie,6
2021,Umweltthermie,115
2021,Solarthermie,2
2021,Holz,11
2021,Biomasse,0
2022,gesamt,220
2022,Fernwärme,7
2022,Geothermie,9
2022,Umweltthermie,120
2022,Solarthermie,1
2022,Holz,15
2022,Biomasse,0
2023,gesamt,208
2023,Fernwärme,8
2023,Geothermie,3
2023,Umweltthermie,139
2023,Solarthermie,0
2023,Holz,25
2023,Biomasse,2
2024,gesamt,159
2024,Fernwärme,9
2024,Geothermie,4
2024,Umweltthermie,120
2024,Solarthermie,1
2024,Holz,6
2024,Biomasse,0
