Year,Wahl,Value
2002,Kommunalwahl,55.1
2002,Bundestagswahl,75.1
2003,Landtagswahl,45.7
2004,Europawahl,30.0
2005,Bundestagswahl,69.8
2008,Kommunalwahl,47.3
2008,Landtagswahl,49.1
2009,Bundestagswahl,63.6
2009,Europawahl,34.7
2013,Landtagswahl,55.5
2013,Bundestagswahl,62.0
2014,Kommunalwahl,42.4
2014,Europawahl,33.8
2017,Bundestagswahl,71.4
2018,Landtagswahl,64.0
2019,Europawahl,53.0
2020,Kommunalwahl,45.8
2021,Bundestagswahl,72.62
2023,Landtagswahl,63.5
2024,Europawahl,56.8
2025,Bundestagswahl,82.4
