Year,Förderart,Value
2019,Institutionelle Förderung,288281.26
2019,Projektförderung,195288.42
2019,Mietzuschüsse,69534.75
2019,kirchliche Einrichtungen,0.0
2019,Trachtenvereine,0.0
2019,gesamt,553104.43
2020,Institutionelle Förderung,302050.0
2020,Projektförderung,78100.0
2020,Mietzuschüsse,80351.8
2020,kirchliche Einrichtungen,2300.0
2020,Trachtenvereine,5500.0
2020,gesamt,468301.8
2021,Institutionelle Förderung,240500.0
2021,Projektförderung,166030.0
2021,Mietzuschüsse,74723.87
2021,kirchliche Einrichtungen,700.0
2021,Trachtenvereine,7000.0
2021,gesamt,488953.87
2022,Institutionelle Förderung,346090.0
2022,Projektförderung,208001.84
2022,Mietzuschüsse,76816.74
2022,kirchliche Einrichtungen,625.0
2022,Trachtenvereine,5000.0
2022,gesamt,636533.58
2023,Institutionelle Förderung,553956.0
2023,Projektförderung,210362.5
2023,Mietzuschüsse,79574.52
2023,kirchliche Einrichtungen,155.0
2023,Trachtenvereine,5000.0
2023,gesamt,849048.02
